log_id,equipment_id,maintenance_date,maintenance_type,symptom,action_taken,parts_replaced,downtime_minutes,technician_notes,linked_failure_report_id
ML-0001,EQ-012,2026-05-03,Inspection,temperature rise with reduced coolant flow,"flush cooling line, clean strainer, verify flow rate before releasing equipment",SP-FILTER-002; SP-GASKET-001,11,Cooling Flow Restriction suspected on Cooling Tower Fan. Action followed SOP_cooling_flow_drop.,FR-001
ML-0002,EQ-012,2026-05-03,Inspection,rising vibration and abnormal bearing noise,"inspect bearing housing, verify lubrication flow, replace bearing if vibration remains high",SP-BEAR-001; SP-GREASE-001,53,Bearing Wear suspected on Cooling Tower Fan. Action followed SOP_bearing_replacement.,FR-002
ML-0003,EQ-001,2026-05-04,Condition-Based,pressure drop with increasing pump temperature,"isolate pump, inspect suction strainer and seal kit, restore pressure before restart",SP-SEAL-001; SP-FILTER-001,63,Hydraulic Leakage suspected on Caster Hydraulic Pump. Action followed SOP_hydraulic_pump_overheating.,FR-003
ML-0004,EQ-004,2026-05-05,Corrective,oil level drop with heat buildup,"top up oil, inspect lubrication line, replace clogged filter, verify pump discharge",SP-OIL-001; SP-FILTER-003,169,Lubrication Failure suspected on Ladle Crane Gearbox. Action followed SOP_lubrication_failure_response.,FR-004
ML-0005,EQ-004,2026-05-05,Corrective,high vibration during load changes,"check alignment, inspect coupling, tighten foundation bolts, monitor vibration trend",SP-COUPLING-001; SP-BOLT-001,131,Gearbox Misalignment suspected on Ladle Crane Gearbox. Action followed SOP_gearbox_vibration_inspection.,FR-005
ML-0006,EQ-010,2026-05-05,Condition-Based,rising vibration and abnormal bearing noise,"inspect bearing housing, verify lubrication flow, replace bearing if vibration remains high",SP-BEAR-001; SP-GREASE-001,287,Bearing Wear suspected on Air Compressor. Action followed SOP_bearing_replacement.,FR-006
ML-0007,EQ-007,2026-05-06,Corrective,temperature rise with reduced coolant flow,"flush cooling line, clean strainer, verify flow rate before releasing equipment",SP-FILTER-002; SP-GASKET-001,158,Cooling Flow Restriction suspected on Dust Collector Fan. Action followed SOP_cooling_flow_drop.,FR-007
ML-0008,EQ-012,2026-05-06,Inspection,rising vibration and abnormal bearing noise,"inspect bearing housing, verify lubrication flow, replace bearing if vibration remains high",SP-BEAR-001; SP-GREASE-001,79,Bearing Wear suspected on Cooling Tower Fan. Action followed SOP_bearing_replacement.,FR-008
ML-0009,EQ-003,2026-05-06,Inspection,high vibration during load changes,"check alignment, inspect coupling, tighten foundation bolts, monitor vibration trend",SP-COUPLING-001; SP-BOLT-001,172,Gearbox Misalignment suspected on Blast Furnace Blower. Action followed SOP_gearbox_vibration_inspection.,FR-009
ML-0010,EQ-003,2026-05-06,Condition-Based,rising vibration and abnormal bearing noise,"inspect bearing housing, verify lubrication flow, replace bearing if vibration remains high",SP-BEAR-001; SP-GREASE-001,140,Bearing Wear suspected on Blast Furnace Blower. Action followed SOP_bearing_replacement.,FR-010
ML-0011,EQ-006,2026-05-07,Inspection,temperature rise with reduced coolant flow,"flush cooling line, clean strainer, verify flow rate before releasing equipment",SP-FILTER-002; SP-GASKET-001,148,Cooling Flow Restriction suspected on Conveyor Drive Unit. Action followed SOP_cooling_flow_drop.,FR-011
ML-0012,EQ-009,2026-05-08,Inspection,current spike and repeated overload trip,"check load coupling, verify phase current balance, inspect motor winding temperature",SP-CONTACTOR-001; SP-FUSE-001,255,Motor Overload suspected on Scale Breaker Motor. Action followed SOP_motor_overload_trip.,FR-012
ML-0013,EQ-005,2026-05-08,Condition-Based,temperature rise with reduced coolant flow,"flush cooling line, clean strainer, verify flow rate before releasing equipment",SP-FILTER-002; SP-GASKET-001,173,Cooling Flow Restriction suspected on Cooling Water Pump. Action followed SOP_cooling_flow_drop.,FR-013
ML-0014,EQ-009,2026-05-09,Condition-Based,rising vibration and abnormal bearing noise,"inspect bearing housing, verify lubrication flow, replace bearing if vibration remains high",SP-BEAR-001; SP-GREASE-001,46,Bearing Wear suspected on Scale Breaker Motor. Action followed SOP_bearing_replacement.,FR-014
ML-0015,EQ-005,2026-05-09,Inspection,pressure drop with increasing pump temperature,"isolate pump, inspect suction strainer and seal kit, restore pressure before restart",SP-SEAL-001; SP-FILTER-001,251,Hydraulic Leakage suspected on Cooling Water Pump. Action followed SOP_hydraulic_pump_overheating.,FR-015
ML-0016,EQ-003,2026-05-09,Condition-Based,rising vibration and abnormal bearing noise,"inspect bearing housing, verify lubrication flow, replace bearing if vibration remains high",SP-BEAR-001; SP-GREASE-001,159,Bearing Wear suspected on Blast Furnace Blower. Action followed SOP_bearing_replacement.,FR-016
ML-0017,EQ-006,2026-05-09,Condition-Based,rising vibration and abnormal bearing noise,"inspect bearing housing, verify lubrication flow, replace bearing if vibration remains high",SP-BEAR-001; SP-GREASE-001,53,Bearing Wear suspected on Conveyor Drive Unit. Action followed SOP_bearing_replacement.,FR-017
ML-0018,EQ-010,2026-05-10,Condition-Based,rising vibration and abnormal bearing noise,"inspect bearing housing, verify lubrication flow, replace bearing if vibration remains high",SP-BEAR-001; SP-GREASE-001,81,Bearing Wear suspected on Air Compressor. Action followed SOP_bearing_replacement.,FR-018
ML-0019,EQ-012,2026-05-10,Inspection,rising vibration and abnormal bearing noise,"inspect bearing housing, verify lubrication flow, replace bearing if vibration remains high",SP-BEAR-001; SP-GREASE-001,52,Bearing Wear suspected on Cooling Tower Fan. Action followed SOP_bearing_replacement.,FR-019
ML-0020,EQ-001,2026-05-10,Inspection,temperature rise with reduced coolant flow,"flush cooling line, clean strainer, verify flow rate before releasing equipment",SP-FILTER-002; SP-GASKET-001,42,Cooling Flow Restriction suspected on Caster Hydraulic Pump. Action followed SOP_cooling_flow_drop.,FR-020
ML-0021,EQ-009,2026-05-11,Inspection,current spike and repeated overload trip,"check load coupling, verify phase current balance, inspect motor winding temperature",SP-CONTACTOR-001; SP-FUSE-001,83,Motor Overload suspected on Scale Breaker Motor. Action followed SOP_motor_overload_trip.,FR-021
ML-0022,EQ-005,2026-05-15,Inspection,temperature rise with reduced coolant flow,"flush cooling line, clean strainer, verify flow rate before releasing equipment",SP-FILTER-002; SP-GASKET-001,165,Cooling Flow Restriction suspected on Cooling Water Pump. Action followed SOP_cooling_flow_drop.,FR-022
ML-0023,EQ-011,2026-05-15,Corrective,rising vibration and abnormal bearing noise,"inspect bearing housing, verify lubrication flow, replace bearing if vibration remains high",SP-BEAR-001; SP-GREASE-001,152,Bearing Wear suspected on Lubrication Pump. Action followed SOP_bearing_replacement.,FR-023
ML-0024,EQ-008,2026-05-16,Condition-Based,current spike and repeated overload trip,"check load coupling, verify phase current balance, inspect motor winding temperature",SP-CONTACTOR-001; SP-FUSE-001,269,Motor Overload suspected on Reheat Furnace Burner. Action followed SOP_motor_overload_trip.,FR-024
ML-0025,EQ-011,2026-05-16,Condition-Based,temperature rise with reduced coolant flow,"flush cooling line, clean strainer, verify flow rate before releasing equipment",SP-FILTER-002; SP-GASKET-001,131,Cooling Flow Restriction suspected on Lubrication Pump. Action followed SOP_cooling_flow_drop.,FR-025
ML-0026,EQ-007,2026-05-16,Inspection,high vibration during load changes,"check alignment, inspect coupling, tighten foundation bolts, monitor vibration trend",SP-COUPLING-001; SP-BOLT-001,40,Gearbox Misalignment suspected on Dust Collector Fan. Action followed SOP_gearbox_vibration_inspection.,FR-026
ML-0027,EQ-004,2026-05-17,Corrective,high vibration during load changes,"check alignment, inspect coupling, tighten foundation bolts, monitor vibration trend",SP-COUPLING-001; SP-BOLT-001,146,Gearbox Misalignment suspected on Ladle Crane Gearbox. Action followed SOP_gearbox_vibration_inspection.,FR-027
ML-0028,EQ-008,2026-05-17,Condition-Based,current spike and repeated overload trip,"check load coupling, verify phase current balance, inspect motor winding temperature",SP-CONTACTOR-001; SP-FUSE-001,83,Motor Overload suspected on Reheat Furnace Burner. Action followed SOP_motor_overload_trip.,FR-028
ML-0029,EQ-010,2026-05-18,Condition-Based,rising vibration and abnormal bearing noise,"inspect bearing housing, verify lubrication flow, replace bearing if vibration remains high",SP-BEAR-001; SP-GREASE-001,167,Bearing Wear suspected on Air Compressor. Action followed SOP_bearing_replacement.,FR-029
ML-0030,EQ-002,2026-05-19,Condition-Based,temperature rise with reduced coolant flow,"flush cooling line, clean strainer, verify flow rate before releasing equipment",SP-FILTER-002; SP-GASKET-001,268,Cooling Flow Restriction suspected on Rolling Mill Main Motor. Action followed SOP_cooling_flow_drop.,FR-030
ML-0031,EQ-007,2026-05-19,Corrective,rising vibration and abnormal bearing noise,"inspect bearing housing, verify lubrication flow, replace bearing if vibration remains high",SP-BEAR-001; SP-GREASE-001,55,Bearing Wear suspected on Dust Collector Fan. Action followed SOP_bearing_replacement.,FR-031
ML-0032,EQ-011,2026-05-20,Corrective,oil level drop with heat buildup,"top up oil, inspect lubrication line, replace clogged filter, verify pump discharge",SP-OIL-001; SP-FILTER-003,265,Lubrication Failure suspected on Lubrication Pump. Action followed SOP_lubrication_failure_response.,FR-032
ML-0033,EQ-010,2026-05-20,Inspection,rising vibration and abnormal bearing noise,"inspect bearing housing, verify lubrication flow, replace bearing if vibration remains high",SP-BEAR-001; SP-GREASE-001,143,Bearing Wear suspected on Air Compressor. Action followed SOP_bearing_replacement.,FR-033
ML-0034,EQ-007,2026-05-20,Corrective,high vibration during load changes,"check alignment, inspect coupling, tighten foundation bolts, monitor vibration trend",SP-COUPLING-001; SP-BOLT-001,167,Gearbox Misalignment suspected on Dust Collector Fan. Action followed SOP_gearbox_vibration_inspection.,FR-034
ML-0035,EQ-002,2026-05-21,Corrective,current spike and repeated overload trip,"check load coupling, verify phase current balance, inspect motor winding temperature",SP-CONTACTOR-001; SP-FUSE-001,60,Motor Overload suspected on Rolling Mill Main Motor. Action followed SOP_motor_overload_trip.,FR-035
ML-0036,EQ-001,2026-05-23,Corrective,pressure drop with increasing pump temperature,"isolate pump, inspect suction strainer and seal kit, restore pressure before restart",SP-SEAL-001; SP-FILTER-001,158,Hydraulic Leakage suspected on Caster Hydraulic Pump. Action followed SOP_hydraulic_pump_overheating.,FR-036
ML-0037,EQ-009,2026-05-23,Inspection,temperature rise with reduced coolant flow,"flush cooling line, clean strainer, verify flow rate before releasing equipment",SP-FILTER-002; SP-GASKET-001,275,Cooling Flow Restriction suspected on Scale Breaker Motor. Action followed SOP_cooling_flow_drop.,FR-037
ML-0038,EQ-006,2026-05-23,Corrective,current spike and repeated overload trip,"check load coupling, verify phase current balance, inspect motor winding temperature",SP-CONTACTOR-001; SP-FUSE-001,60,Motor Overload suspected on Conveyor Drive Unit. Action followed SOP_motor_overload_trip.,FR-038
ML-0039,EQ-002,2026-05-23,Inspection,rising vibration and abnormal bearing noise,"inspect bearing housing, verify lubrication flow, replace bearing if vibration remains high",SP-BEAR-001; SP-GREASE-001,133,Bearing Wear suspected on Rolling Mill Main Motor. Action followed SOP_bearing_replacement.,FR-039
ML-0040,EQ-008,2026-05-24,Corrective,rising vibration and abnormal bearing noise,"inspect bearing housing, verify lubrication flow, replace bearing if vibration remains high",SP-BEAR-001; SP-GREASE-001,138,Bearing Wear suspected on Reheat Furnace Burner. Action followed SOP_bearing_replacement.,FR-040
ML-0041,EQ-001,2026-05-24,Condition-Based,pressure drop with increasing pump temperature,"isolate pump, inspect suction strainer and seal kit, restore pressure before restart",SP-SEAL-001; SP-FILTER-001,131,Hydraulic Leakage suspected on Caster Hydraulic Pump. Action followed SOP_hydraulic_pump_overheating.,FR-041
ML-0042,EQ-002,2026-05-25,Inspection,rising vibration and abnormal bearing noise,"inspect bearing housing, verify lubrication flow, replace bearing if vibration remains high",SP-BEAR-001; SP-GREASE-001,61,Bearing Wear suspected on Rolling Mill Main Motor. Action followed SOP_bearing_replacement.,FR-042
ML-0043,EQ-011,2026-05-27,Corrective,temperature rise with reduced coolant flow,"flush cooling line, clean strainer, verify flow rate before releasing equipment",SP-FILTER-002; SP-GASKET-001,148,Cooling Flow Restriction suspected on Lubrication Pump. Action followed SOP_cooling_flow_drop.,FR-043
ML-0044,EQ-008,2026-05-27,Inspection,temperature rise with reduced coolant flow,"flush cooling line, clean strainer, verify flow rate before releasing equipment",SP-FILTER-002; SP-GASKET-001,171,Cooling Flow Restriction suspected on Reheat Furnace Burner. Action followed SOP_cooling_flow_drop.,FR-044
ML-0045,EQ-003,2026-05-28,Condition-Based,temperature rise with reduced coolant flow,"flush cooling line, clean strainer, verify flow rate before releasing equipment",SP-FILTER-002; SP-GASKET-001,270,Cooling Flow Restriction suspected on Blast Furnace Blower. Action followed SOP_cooling_flow_drop.,FR-045
ML-0046,EQ-006,2026-05-28,Inspection,current spike and repeated overload trip,"check load coupling, verify phase current balance, inspect motor winding temperature",SP-CONTACTOR-001; SP-FUSE-001,38,Motor Overload suspected on Conveyor Drive Unit. Action followed SOP_motor_overload_trip.,FR-046
ML-0047,EQ-005,2026-05-29,Inspection,temperature rise with reduced coolant flow,"flush cooling line, clean strainer, verify flow rate before releasing equipment",SP-FILTER-002; SP-GASKET-001,80,Cooling Flow Restriction suspected on Cooling Water Pump. Action followed SOP_cooling_flow_drop.,FR-047
ML-0048,EQ-004,2026-05-29,Inspection,oil level drop with heat buildup,"top up oil, inspect lubrication line, replace clogged filter, verify pump discharge",SP-OIL-001; SP-FILTER-003,266,Lubrication Failure suspected on Ladle Crane Gearbox. Action followed SOP_lubrication_failure_response.,FR-048
ML-0049,EQ-008,2026-06-02,Calibration,no abnormality observed,cleaned filter,,87,Routine maintenance record for Reheat Furnace Burner.,
ML-0050,EQ-009,2026-06-04,Lubrication,no abnormality observed,topped up lubricant,,45,Routine maintenance record for Scale Breaker Motor.,
ML-0051,EQ-004,2026-05-02,Calibration,routine inspection,topped up lubricant,,6,Routine maintenance record for Ladle Crane Gearbox.,
ML-0052,EQ-008,2026-05-18,Lubrication,current spike and repeated overload trip,topped up lubricant,SP-CONTACTOR-001,83,Routine maintenance record for Reheat Furnace Burner.,
ML-0053,EQ-012,2026-06-27,Preventive,no abnormality observed,topped up lubricant,,66,Routine maintenance record for Cooling Tower Fan.,
ML-0054,EQ-008,2026-06-23,Preventive,rising vibration and abnormal bearing noise,cleaned filter,,50,Routine maintenance record for Reheat Furnace Burner.,
ML-0055,EQ-005,2026-05-07,Lubrication,pressure drop with increasing pump temperature,topped up lubricant,,65,Routine maintenance record for Cooling Water Pump.,
ML-0056,EQ-010,2026-05-01,Preventive,no abnormality observed,topped up lubricant,,68,Routine maintenance record for Air Compressor.,
ML-0057,EQ-002,2026-06-08,Lubrication,no abnormality observed,topped up lubricant,,20,Routine maintenance record for Rolling Mill Main Motor.,
ML-0058,EQ-009,2026-05-18,Preventive,routine inspection,topped up lubricant,,86,Routine maintenance record for Scale Breaker Motor.,
ML-0059,EQ-011,2026-06-26,Calibration,oil level drop with heat buildup,"top up oil, inspect lubrication line, replace clogged filter, verify pump discharge",SP-OIL-001,56,Routine maintenance record for Lubrication Pump.,
ML-0060,EQ-009,2026-05-06,Preventive,routine inspection,cleaned filter,SP-CONTACTOR-001,73,Routine maintenance record for Scale Breaker Motor.,
ML-0061,EQ-004,2026-06-30,Inspection,routine inspection,cleaned filter,,59,Routine maintenance record for Ladle Crane Gearbox.,
ML-0062,EQ-009,2026-05-09,Lubrication,no abnormality observed,checked alignment,,87,Routine maintenance record for Scale Breaker Motor.,
ML-0063,EQ-002,2026-05-17,Inspection,no abnormality observed,topped up lubricant,,86,Routine maintenance record for Rolling Mill Main Motor.,
ML-0064,EQ-008,2026-05-22,Preventive,rising vibration and abnormal bearing noise,topped up lubricant,SP-BEAR-001,8,Routine maintenance record for Reheat Furnace Burner.,
ML-0065,EQ-003,2026-05-18,Lubrication,no abnormality observed,topped up lubricant,SP-BEAR-001,28,Routine maintenance record for Blast Furnace Blower.,
ML-0066,EQ-002,2026-05-29,Lubrication,temperature rise with reduced coolant flow,cleaned filter,,90,Routine maintenance record for Rolling Mill Main Motor.,
ML-0067,EQ-005,2026-06-06,Inspection,routine inspection,"isolate pump, inspect suction strainer and seal kit, restore pressure before restart",,36,Routine maintenance record for Cooling Water Pump.,
ML-0068,EQ-011,2026-05-05,Lubrication,routine inspection,checked alignment,SP-SEAL-001,3,Routine maintenance record for Lubrication Pump.,
ML-0069,EQ-007,2026-05-05,Inspection,routine inspection,cleaned filter,,25,Routine maintenance record for Dust Collector Fan.,
ML-0070,EQ-012,2026-06-16,Calibration,high vibration during load changes,cleaned filter,SP-COUPLING-001,76,Routine maintenance record for Cooling Tower Fan.,
ML-0071,EQ-005,2026-06-15,Inspection,no abnormality observed,"flush cooling line, clean strainer, verify flow rate before releasing equipment",,75,Routine maintenance record for Cooling Water Pump.,
ML-0072,EQ-009,2026-05-11,Inspection,rising vibration and abnormal bearing noise,"inspect bearing housing, verify lubrication flow, replace bearing if vibration remains high",,6,Routine maintenance record for Scale Breaker Motor.,
ML-0073,EQ-007,2026-06-22,Lubrication,routine inspection,cleaned filter,,41,Routine maintenance record for Dust Collector Fan.,
ML-0074,EQ-010,2026-05-19,Lubrication,no abnormality observed,checked alignment,SP-COUPLING-001,62,Routine maintenance record for Air Compressor.,
ML-0075,EQ-011,2026-05-31,Calibration,no abnormality observed,checked alignment,,79,Routine maintenance record for Lubrication Pump.,
ML-0076,EQ-007,2026-06-10,Inspection,no abnormality observed,"inspect bearing housing, verify lubrication flow, replace bearing if vibration remains high",,6,Routine maintenance record for Dust Collector Fan.,
ML-0077,EQ-009,2026-05-16,Lubrication,no abnormality observed,"inspect bearing housing, verify lubrication flow, replace bearing if vibration remains high",,32,Routine maintenance record for Scale Breaker Motor.,
ML-0078,EQ-005,2026-05-18,Inspection,rising vibration and abnormal bearing noise,"inspect bearing housing, verify lubrication flow, replace bearing if vibration remains high",,65,Routine maintenance record for Cooling Water Pump.,
ML-0079,EQ-009,2026-05-19,Calibration,no abnormality observed,cleaned filter,,0,Routine maintenance record for Scale Breaker Motor.,
ML-0080,EQ-001,2026-06-25,Preventive,no abnormality observed,checked alignment,,80,Routine maintenance record for Caster Hydraulic Pump.,
ML-0081,EQ-004,2026-05-22,Inspection,rising vibration and abnormal bearing noise,"inspect bearing housing, verify lubrication flow, replace bearing if vibration remains high",,1,Routine maintenance record for Ladle Crane Gearbox.,
ML-0082,EQ-006,2026-05-30,Lubrication,temperature rise with reduced coolant flow,"flush cooling line, clean strainer, verify flow rate before releasing equipment",SP-FILTER-002,43,Routine maintenance record for Conveyor Drive Unit.,
ML-0083,EQ-011,2026-05-08,Inspection,pressure drop with increasing pump temperature,cleaned filter,,19,Routine maintenance record for Lubrication Pump.,
ML-0084,EQ-001,2026-06-21,Calibration,routine inspection,topped up lubricant,SP-SEAL-001,28,Routine maintenance record for Caster Hydraulic Pump.,
ML-0085,EQ-011,2026-05-01,Inspection,oil level drop with heat buildup,"top up oil, inspect lubrication line, replace clogged filter, verify pump discharge",SP-OIL-001,24,Routine maintenance record for Lubrication Pump.,
ML-0086,EQ-011,2026-06-11,Inspection,no abnormality observed,topped up lubricant,,10,Routine maintenance record for Lubrication Pump.,
ML-0087,EQ-008,2026-05-28,Calibration,rising vibration and abnormal bearing noise,cleaned filter,,77,Routine maintenance record for Reheat Furnace Burner.,
ML-0088,EQ-001,2026-05-19,Inspection,oil level drop with heat buildup,checked alignment,SP-OIL-001,64,Routine maintenance record for Caster Hydraulic Pump.,
ML-0089,EQ-012,2026-06-11,Lubrication,rising vibration and abnormal bearing noise,checked alignment,,85,Routine maintenance record for Cooling Tower Fan.,
ML-0090,EQ-009,2026-06-17,Calibration,routine inspection,"flush cooling line, clean strainer, verify flow rate before releasing equipment",SP-FILTER-002,58,Routine maintenance record for Scale Breaker Motor.,
ML-0091,EQ-012,2026-06-03,Inspection,temperature rise with reduced coolant flow,"flush cooling line, clean strainer, verify flow rate before releasing equipment",,76,Routine maintenance record for Cooling Tower Fan.,
ML-0092,EQ-008,2026-05-24,Calibration,temperature rise with reduced coolant flow,"flush cooling line, clean strainer, verify flow rate before releasing equipment",,35,Routine maintenance record for Reheat Furnace Burner.,
ML-0093,EQ-009,2026-05-01,Calibration,routine inspection,topped up lubricant,,79,Routine maintenance record for Scale Breaker Motor.,
ML-0094,EQ-005,2026-05-17,Preventive,no abnormality observed,"flush cooling line, clean strainer, verify flow rate before releasing equipment",,16,Routine maintenance record for Cooling Water Pump.,
ML-0095,EQ-001,2026-05-21,Calibration,no abnormality observed,topped up lubricant,,20,Routine maintenance record for Caster Hydraulic Pump.,
ML-0096,EQ-007,2026-05-04,Lubrication,no abnormality observed,checked alignment,,25,Routine maintenance record for Dust Collector Fan.,
ML-0097,EQ-005,2026-05-31,Preventive,oil level drop with heat buildup,topped up lubricant,,61,Routine maintenance record for Cooling Water Pump.,
ML-0098,EQ-003,2026-06-04,Inspection,rising vibration and abnormal bearing noise,"inspect bearing housing, verify lubrication flow, replace bearing if vibration remains high",SP-BEAR-001,21,Routine maintenance record for Blast Furnace Blower.,
ML-0099,EQ-002,2026-06-20,Inspection,routine inspection,checked alignment,,5,Routine maintenance record for Rolling Mill Main Motor.,
ML-0100,EQ-004,2026-06-25,Preventive,no abnormality observed,checked alignment,,81,Routine maintenance record for Ladle Crane Gearbox.,
ML-0101,EQ-001,2026-06-09,Preventive,no abnormality observed,cleaned filter,SP-FILTER-002,50,Routine maintenance record for Caster Hydraulic Pump.,
ML-0102,EQ-011,2026-06-24,Inspection,no abnormality observed,"isolate pump, inspect suction strainer and seal kit, restore pressure before restart",SP-SEAL-001,66,Routine maintenance record for Lubrication Pump.,
ML-0103,EQ-011,2026-05-01,Lubrication,temperature rise with reduced coolant flow,cleaned filter,,29,Routine maintenance record for Lubrication Pump.,
ML-0104,EQ-012,2026-06-14,Calibration,no abnormality observed,"inspect bearing housing, verify lubrication flow, replace bearing if vibration remains high",SP-BEAR-001,15,Routine maintenance record for Cooling Tower Fan.,
ML-0105,EQ-009,2026-06-21,Calibration,no abnormality observed,"inspect bearing housing, verify lubrication flow, replace bearing if vibration remains high",,61,Routine maintenance record for Scale Breaker Motor.,
ML-0106,EQ-008,2026-06-11,Calibration,no abnormality observed,"flush cooling line, clean strainer, verify flow rate before releasing equipment",,39,Routine maintenance record for Reheat Furnace Burner.,
ML-0107,EQ-003,2026-05-29,Calibration,high vibration during load changes,cleaned filter,SP-COUPLING-001,31,Routine maintenance record for Blast Furnace Blower.,
ML-0108,EQ-005,2026-05-18,Preventive,temperature rise with reduced coolant flow,topped up lubricant,SP-FILTER-002,59,Routine maintenance record for Cooling Water Pump.,
ML-0109,EQ-011,2026-06-02,Calibration,temperature rise with reduced coolant flow,"flush cooling line, clean strainer, verify flow rate before releasing equipment",SP-FILTER-002,31,Routine maintenance record for Lubrication Pump.,
ML-0110,EQ-001,2026-05-25,Calibration,no abnormality observed,cleaned filter,SP-FILTER-002,44,Routine maintenance record for Caster Hydraulic Pump.,
ML-0111,EQ-004,2026-06-02,Calibration,no abnormality observed,topped up lubricant,,47,Routine maintenance record for Ladle Crane Gearbox.,
ML-0112,EQ-003,2026-06-17,Calibration,rising vibration and abnormal bearing noise,"inspect bearing housing, verify lubrication flow, replace bearing if vibration remains high",,7,Routine maintenance record for Blast Furnace Blower.,
ML-0113,EQ-008,2026-05-31,Preventive,no abnormality observed,topped up lubricant,SP-FILTER-002,27,Routine maintenance record for Reheat Furnace Burner.,
ML-0114,EQ-003,2026-05-20,Calibration,routine inspection,topped up lubricant,,52,Routine maintenance record for Blast Furnace Blower.,
ML-0115,EQ-001,2026-05-09,Calibration,no abnormality observed,checked alignment,SP-OIL-001,67,Routine maintenance record for Caster Hydraulic Pump.,
ML-0116,EQ-008,2026-05-21,Preventive,current spike and repeated overload trip,topped up lubricant,SP-CONTACTOR-001,88,Routine maintenance record for Reheat Furnace Burner.,
ML-0117,EQ-007,2026-06-10,Calibration,no abnormality observed,cleaned filter,SP-BEAR-001,68,Routine maintenance record for Dust Collector Fan.,
ML-0118,EQ-009,2026-06-28,Calibration,routine inspection,topped up lubricant,SP-BEAR-001,34,Routine maintenance record for Scale Breaker Motor.,
ML-0119,EQ-009,2026-06-29,Preventive,routine inspection,"inspect bearing housing, verify lubrication flow, replace bearing if vibration remains high",SP-BEAR-001,79,Routine maintenance record for Scale Breaker Motor.,
ML-0120,EQ-007,2026-05-19,Inspection,no abnormality observed,"flush cooling line, clean strainer, verify flow rate before releasing equipment",SP-FILTER-002,2,Routine maintenance record for Dust Collector Fan.,
ML-0121,EQ-002,2026-06-05,Preventive,routine inspection,"inspect bearing housing, verify lubrication flow, replace bearing if vibration remains high",SP-BEAR-001,15,Routine maintenance record for Rolling Mill Main Motor.,
ML-0122,EQ-005,2026-05-06,Preventive,temperature rise with reduced coolant flow,topped up lubricant,,87,Routine maintenance record for Cooling Water Pump.,
ML-0123,EQ-010,2026-05-15,Calibration,high vibration during load changes,checked alignment,,34,Routine maintenance record for Air Compressor.,
ML-0124,EQ-011,2026-05-15,Calibration,routine inspection,cleaned filter,,31,Routine maintenance record for Lubrication Pump.,
ML-0125,EQ-007,2026-06-05,Preventive,routine inspection,"inspect bearing housing, verify lubrication flow, replace bearing if vibration remains high",,4,Routine maintenance record for Dust Collector Fan.,
ML-0126,EQ-007,2026-06-15,Lubrication,routine inspection,topped up lubricant,SP-FILTER-002,78,Routine maintenance record for Dust Collector Fan.,
ML-0127,EQ-011,2026-05-03,Calibration,rising vibration and abnormal bearing noise,"inspect bearing housing, verify lubrication flow, replace bearing if vibration remains high",,46,Routine maintenance record for Lubrication Pump.,
ML-0128,EQ-011,2026-05-05,Calibration,oil level drop with heat buildup,cleaned filter,,51,Routine maintenance record for Lubrication Pump.,
ML-0129,EQ-001,2026-06-03,Calibration,routine inspection,cleaned filter,,44,Routine maintenance record for Caster Hydraulic Pump.,
ML-0130,EQ-009,2026-06-16,Preventive,rising vibration and abnormal bearing noise,checked alignment,,73,Routine maintenance record for Scale Breaker Motor.,
ML-0131,EQ-004,2026-06-25,Lubrication,no abnormality observed,checked alignment,,45,Routine maintenance record for Ladle Crane Gearbox.,
ML-0132,EQ-001,2026-06-01,Inspection,oil level drop with heat buildup,checked alignment,,82,Routine maintenance record for Caster Hydraulic Pump.,
ML-0133,EQ-002,2026-06-21,Inspection,current spike and repeated overload trip,cleaned filter,,3,Routine maintenance record for Rolling Mill Main Motor.,
ML-0134,EQ-001,2026-06-03,Calibration,oil level drop with heat buildup,topped up lubricant,SP-OIL-001,23,Routine maintenance record for Caster Hydraulic Pump.,
ML-0135,EQ-008,2026-06-09,Inspection,current spike and repeated overload trip,topped up lubricant,SP-CONTACTOR-001,49,Routine maintenance record for Reheat Furnace Burner.,
ML-0136,EQ-011,2026-06-28,Preventive,no abnormality observed,topped up lubricant,SP-OIL-001,81,Routine maintenance record for Lubrication Pump.,
ML-0137,EQ-012,2026-06-09,Inspection,routine inspection,topped up lubricant,SP-BEAR-001,84,Routine maintenance record for Cooling Tower Fan.,
ML-0138,EQ-010,2026-05-30,Calibration,routine inspection,"check alignment, inspect coupling, tighten foundation bolts, monitor vibration trend",,78,Routine maintenance record for Air Compressor.,
ML-0139,EQ-004,2026-06-02,Preventive,no abnormality observed,topped up lubricant,,47,Routine maintenance record for Ladle Crane Gearbox.,
ML-0140,EQ-003,2026-05-10,Inspection,routine inspection,checked alignment,SP-FILTER-002,8,Routine maintenance record for Blast Furnace Blower.,
ML-0141,EQ-009,2026-05-12,Calibration,no abnormality observed,"inspect bearing housing, verify lubrication flow, replace bearing if vibration remains high",,58,Routine maintenance record for Scale Breaker Motor.,
ML-0142,EQ-003,2026-06-23,Calibration,no abnormality observed,"check alignment, inspect coupling, tighten foundation bolts, monitor vibration trend",SP-COUPLING-001,71,Routine maintenance record for Blast Furnace Blower.,
ML-0143,EQ-005,2026-05-15,Lubrication,no abnormality observed,cleaned filter,SP-BEAR-001,69,Routine maintenance record for Cooling Water Pump.,
ML-0144,EQ-011,2026-05-15,Preventive,routine inspection,cleaned filter,SP-SEAL-001,82,Routine maintenance record for Lubrication Pump.,
ML-0145,EQ-011,2026-05-20,Calibration,oil level drop with heat buildup,"top up oil, inspect lubrication line, replace clogged filter, verify pump discharge",SP-OIL-001,6,Routine maintenance record for Lubrication Pump.,
ML-0146,EQ-004,2026-06-18,Calibration,rising vibration and abnormal bearing noise,topped up lubricant,,41,Routine maintenance record for Ladle Crane Gearbox.,
ML-0147,EQ-008,2026-05-17,Preventive,no abnormality observed,"inspect bearing housing, verify lubrication flow, replace bearing if vibration remains high",,78,Routine maintenance record for Reheat Furnace Burner.,
ML-0148,EQ-004,2026-05-05,Calibration,no abnormality observed,topped up lubricant,,9,Routine maintenance record for Ladle Crane Gearbox.,
ML-0149,EQ-002,2026-06-20,Preventive,routine inspection,topped up lubricant,SP-FILTER-002,8,Routine maintenance record for Rolling Mill Main Motor.,
ML-0150,EQ-008,2026-05-30,Lubrication,rising vibration and abnormal bearing noise,cleaned filter,SP-BEAR-001,8,Routine maintenance record for Reheat Furnace Burner.,
ML-0151,EQ-004,2026-06-03,Lubrication,routine inspection,topped up lubricant,SP-BEAR-001,59,Routine maintenance record for Ladle Crane Gearbox.,
ML-0152,EQ-010,2026-05-29,Preventive,temperature rise with reduced coolant flow,cleaned filter,,59,Routine maintenance record for Air Compressor.,
ML-0153,EQ-007,2026-06-20,Inspection,no abnormality observed,cleaned filter,,28,Routine maintenance record for Dust Collector Fan.,
ML-0154,EQ-004,2026-05-12,Lubrication,no abnormality observed,checked alignment,,87,Routine maintenance record for Ladle Crane Gearbox.,
ML-0155,EQ-003,2026-05-23,Lubrication,routine inspection,"flush cooling line, clean strainer, verify flow rate before releasing equipment",,52,Routine maintenance record for Blast Furnace Blower.,
ML-0156,EQ-003,2026-06-22,Calibration,routine inspection,checked alignment,SP-BEAR-001,67,Routine maintenance record for Blast Furnace Blower.,
ML-0157,EQ-011,2026-06-12,Lubrication,no abnormality observed,"isolate pump, inspect suction strainer and seal kit, restore pressure before restart",SP-SEAL-001,59,Routine maintenance record for Lubrication Pump.,
ML-0158,EQ-002,2026-05-30,Lubrication,temperature rise with reduced coolant flow,topped up lubricant,,1,Routine maintenance record for Rolling Mill Main Motor.,
ML-0159,EQ-004,2026-05-20,Preventive,no abnormality observed,cleaned filter,SP-BEAR-001,14,Routine maintenance record for Ladle Crane Gearbox.,
ML-0160,EQ-005,2026-06-21,Calibration,no abnormality observed,topped up lubricant,,24,Routine maintenance record for Cooling Water Pump.,
ML-0161,EQ-011,2026-05-18,Calibration,routine inspection,cleaned filter,SP-SEAL-001,16,Routine maintenance record for Lubrication Pump.,
ML-0162,EQ-005,2026-05-10,Lubrication,no abnormality observed,topped up lubricant,SP-FILTER-002,28,Routine maintenance record for Cooling Water Pump.,
ML-0163,EQ-002,2026-06-29,Preventive,routine inspection,topped up lubricant,,28,Routine maintenance record for Rolling Mill Main Motor.,
ML-0164,EQ-002,2026-06-27,Calibration,routine inspection,checked alignment,,11,Routine maintenance record for Rolling Mill Main Motor.,
ML-0165,EQ-008,2026-05-25,Inspection,current spike and repeated overload trip,cleaned filter,,68,Routine maintenance record for Reheat Furnace Burner.,
ML-0166,EQ-010,2026-05-03,Calibration,no abnormality observed,"inspect bearing housing, verify lubrication flow, replace bearing if vibration remains high",SP-BEAR-001,90,Routine maintenance record for Air Compressor.,
ML-0167,EQ-008,2026-05-14,Lubrication,routine inspection,"inspect bearing housing, verify lubrication flow, replace bearing if vibration remains high",SP-BEAR-001,31,Routine maintenance record for Reheat Furnace Burner.,
ML-0168,EQ-006,2026-05-17,Calibration,routine inspection,checked alignment,SP-FILTER-002,28,Routine maintenance record for Conveyor Drive Unit.,
ML-0169,EQ-001,2026-06-13,Inspection,no abnormality observed,"flush cooling line, clean strainer, verify flow rate before releasing equipment",,52,Routine maintenance record for Caster Hydraulic Pump.,
ML-0170,EQ-005,2026-06-16,Preventive,routine inspection,cleaned filter,SP-OIL-001,74,Routine maintenance record for Cooling Water Pump.,
ML-0171,EQ-003,2026-05-30,Preventive,routine inspection,checked alignment,,31,Routine maintenance record for Blast Furnace Blower.,
ML-0172,EQ-011,2026-06-27,Inspection,routine inspection,checked alignment,SP-OIL-001,82,Routine maintenance record for Lubrication Pump.,
ML-0173,EQ-003,2026-06-09,Inspection,rising vibration and abnormal bearing noise,checked alignment,,68,Routine maintenance record for Blast Furnace Blower.,
ML-0174,EQ-011,2026-06-10,Calibration,no abnormality observed,"flush cooling line, clean strainer, verify flow rate before releasing equipment",,42,Routine maintenance record for Lubrication Pump.,
ML-0175,EQ-007,2026-05-23,Calibration,temperature rise with reduced coolant flow,"flush cooling line, clean strainer, verify flow rate before releasing equipment",SP-FILTER-002,18,Routine maintenance record for Dust Collector Fan.,
ML-0176,EQ-010,2026-05-22,Inspection,temperature rise with reduced coolant flow,"flush cooling line, clean strainer, verify flow rate before releasing equipment",SP-FILTER-002,67,Routine maintenance record for Air Compressor.,
ML-0177,EQ-008,2026-06-05,Calibration,routine inspection,checked alignment,,67,Routine maintenance record for Reheat Furnace Burner.,
ML-0178,EQ-002,2026-06-15,Preventive,rising vibration and abnormal bearing noise,"inspect bearing housing, verify lubrication flow, replace bearing if vibration remains high",SP-BEAR-001,60,Routine maintenance record for Rolling Mill Main Motor.,
ML-0179,EQ-011,2026-06-06,Lubrication,no abnormality observed,topped up lubricant,SP-BEAR-001,88,Routine maintenance record for Lubrication Pump.,
ML-0180,EQ-008,2026-06-14,Preventive,no abnormality observed,cleaned filter,SP-FILTER-002,70,Routine maintenance record for Reheat Furnace Burner.,
ML-0181,EQ-005,2026-05-21,Inspection,no abnormality observed,cleaned filter,SP-OIL-001,13,Routine maintenance record for Cooling Water Pump.,
ML-0182,EQ-011,2026-06-10,Inspection,oil level drop with heat buildup,cleaned filter,SP-OIL-001,53,Routine maintenance record for Lubrication Pump.,
ML-0183,EQ-007,2026-05-24,Inspection,temperature rise with reduced coolant flow,checked alignment,,90,Routine maintenance record for Dust Collector Fan.,
ML-0184,EQ-010,2026-06-01,Lubrication,no abnormality observed,checked alignment,SP-COUPLING-001,37,Routine maintenance record for Air Compressor.,
ML-0185,EQ-012,2026-05-27,Inspection,no abnormality observed,checked alignment,,51,Routine maintenance record for Cooling Tower Fan.,
ML-0186,EQ-006,2026-06-16,Inspection,temperature rise with reduced coolant flow,checked alignment,SP-FILTER-002,11,Routine maintenance record for Conveyor Drive Unit.,
ML-0187,EQ-006,2026-05-12,Calibration,rising vibration and abnormal bearing noise,cleaned filter,,14,Routine maintenance record for Conveyor Drive Unit.,
ML-0188,EQ-012,2026-05-24,Preventive,routine inspection,cleaned filter,SP-FILTER-002,64,Routine maintenance record for Cooling Tower Fan.,
ML-0189,EQ-006,2026-06-25,Inspection,rising vibration and abnormal bearing noise,topped up lubricant,SP-BEAR-001,18,Routine maintenance record for Conveyor Drive Unit.,
ML-0190,EQ-008,2026-06-12,Calibration,routine inspection,cleaned filter,,41,Routine maintenance record for Reheat Furnace Burner.,
ML-0191,EQ-005,2026-05-10,Preventive,pressure drop with increasing pump temperature,cleaned filter,SP-SEAL-001,0,Routine maintenance record for Cooling Water Pump.,
ML-0192,EQ-010,2026-06-24,Preventive,no abnormality observed,cleaned filter,SP-FILTER-002,72,Routine maintenance record for Air Compressor.,
ML-0193,EQ-007,2026-06-03,Preventive,high vibration during load changes,cleaned filter,SP-COUPLING-001,17,Routine maintenance record for Dust Collector Fan.,
ML-0194,EQ-007,2026-06-22,Calibration,routine inspection,"inspect bearing housing, verify lubrication flow, replace bearing if vibration remains high",,1,Routine maintenance record for Dust Collector Fan.,
ML-0195,EQ-012,2026-05-15,Inspection,temperature rise with reduced coolant flow,cleaned filter,,47,Routine maintenance record for Cooling Tower Fan.,
ML-0196,EQ-001,2026-05-22,Inspection,routine inspection,topped up lubricant,SP-OIL-001,89,Routine maintenance record for Caster Hydraulic Pump.,
ML-0197,EQ-005,2026-05-16,Preventive,rising vibration and abnormal bearing noise,cleaned filter,SP-BEAR-001,49,Routine maintenance record for Cooling Water Pump.,
ML-0198,EQ-001,2026-05-08,Calibration,no abnormality observed,"flush cooling line, clean strainer, verify flow rate before releasing equipment",SP-FILTER-002,72,Routine maintenance record for Caster Hydraulic Pump.,
ML-0199,EQ-003,2026-05-10,Calibration,temperature rise with reduced coolant flow,cleaned filter,SP-FILTER-002,0,Routine maintenance record for Blast Furnace Blower.,
ML-0200,EQ-008,2026-06-27,Inspection,routine inspection,topped up lubricant,SP-BEAR-001,46,Routine maintenance record for Reheat Furnace Burner.,
ML-0201,EQ-008,2026-06-24,Preventive,temperature rise with reduced coolant flow,topped up lubricant,SP-FILTER-002,64,Routine maintenance record for Reheat Furnace Burner.,
ML-0202,EQ-011,2026-06-17,Lubrication,no abnormality observed,checked alignment,SP-SEAL-001,42,Routine maintenance record for Lubrication Pump.,
ML-0203,EQ-009,2026-06-03,Preventive,no abnormality observed,"inspect bearing housing, verify lubrication flow, replace bearing if vibration remains high",,77,Routine maintenance record for Scale Breaker Motor.,
ML-0204,EQ-005,2026-05-15,Inspection,oil level drop with heat buildup,topped up lubricant,,19,Routine maintenance record for Cooling Water Pump.,
ML-0205,EQ-002,2026-06-21,Inspection,no abnormality observed,checked alignment,,52,Routine maintenance record for Rolling Mill Main Motor.,
ML-0206,EQ-002,2026-05-31,Inspection,no abnormality observed,"flush cooling line, clean strainer, verify flow rate before releasing equipment",,32,Routine maintenance record for Rolling Mill Main Motor.,
ML-0207,EQ-003,2026-06-23,Lubrication,no abnormality observed,cleaned filter,SP-FILTER-002,53,Routine maintenance record for Blast Furnace Blower.,
ML-0208,EQ-011,2026-05-07,Inspection,no abnormality observed,checked alignment,,79,Routine maintenance record for Lubrication Pump.,
ML-0209,EQ-006,2026-05-19,Lubrication,no abnormality observed,checked alignment,SP-CONTACTOR-001,79,Routine maintenance record for Conveyor Drive Unit.,
ML-0210,EQ-002,2026-05-19,Inspection,current spike and repeated overload trip,"check load coupling, verify phase current balance, inspect motor winding temperature",SP-CONTACTOR-001,86,Routine maintenance record for Rolling Mill Main Motor.,
ML-0211,EQ-006,2026-05-23,Lubrication,routine inspection,cleaned filter,,8,Routine maintenance record for Conveyor Drive Unit.,
ML-0212,EQ-007,2026-06-03,Calibration,high vibration during load changes,"check alignment, inspect coupling, tighten foundation bolts, monitor vibration trend",,5,Routine maintenance record for Dust Collector Fan.,
ML-0213,EQ-005,2026-06-07,Lubrication,routine inspection,topped up lubricant,,20,Routine maintenance record for Cooling Water Pump.,
ML-0214,EQ-012,2026-06-30,Lubrication,no abnormality observed,topped up lubricant,,55,Routine maintenance record for Cooling Tower Fan.,
ML-0215,EQ-005,2026-06-29,Preventive,no abnormality observed,topped up lubricant,SP-FILTER-002,61,Routine maintenance record for Cooling Water Pump.,
ML-0216,EQ-007,2026-05-22,Lubrication,rising vibration and abnormal bearing noise,checked alignment,,0,Routine maintenance record for Dust Collector Fan.,
ML-0217,EQ-012,2026-06-19,Preventive,high vibration during load changes,"check alignment, inspect coupling, tighten foundation bolts, monitor vibration trend",,78,Routine maintenance record for Cooling Tower Fan.,
ML-0218,EQ-002,2026-05-15,Inspection,routine inspection,checked alignment,SP-FILTER-002,14,Routine maintenance record for Rolling Mill Main Motor.,
ML-0219,EQ-009,2026-06-15,Lubrication,no abnormality observed,cleaned filter,,63,Routine maintenance record for Scale Breaker Motor.,
ML-0220,EQ-012,2026-06-29,Lubrication,no abnormality observed,topped up lubricant,SP-COUPLING-001,52,Routine maintenance record for Cooling Tower Fan.,
ML-0221,EQ-009,2026-06-17,Inspection,rising vibration and abnormal bearing noise,"inspect bearing housing, verify lubrication flow, replace bearing if vibration remains high",,31,Routine maintenance record for Scale Breaker Motor.,
ML-0222,EQ-004,2026-06-01,Calibration,rising vibration and abnormal bearing noise,checked alignment,,38,Routine maintenance record for Ladle Crane Gearbox.,
ML-0223,EQ-001,2026-05-13,Lubrication,pressure drop with increasing pump temperature,cleaned filter,,74,Routine maintenance record for Caster Hydraulic Pump.,
ML-0224,EQ-002,2026-05-08,Calibration,no abnormality observed,"inspect bearing housing, verify lubrication flow, replace bearing if vibration remains high",,13,Routine maintenance record for Rolling Mill Main Motor.,
ML-0225,EQ-002,2026-05-29,Calibration,routine inspection,topped up lubricant,SP-BEAR-001,2,Routine maintenance record for Rolling Mill Main Motor.,
ML-0226,EQ-005,2026-05-08,Inspection,no abnormality observed,topped up lubricant,,72,Routine maintenance record for Cooling Water Pump.,
ML-0227,EQ-011,2026-06-04,Lubrication,routine inspection,checked alignment,,32,Routine maintenance record for Lubrication Pump.,
ML-0228,EQ-010,2026-06-16,Lubrication,routine inspection,topped up lubricant,SP-COUPLING-001,15,Routine maintenance record for Air Compressor.,
ML-0229,EQ-009,2026-06-06,Lubrication,routine inspection,checked alignment,,29,Routine maintenance record for Scale Breaker Motor.,
ML-0230,EQ-006,2026-06-29,Preventive,routine inspection,topped up lubricant,,74,Routine maintenance record for Conveyor Drive Unit.,
ML-0231,EQ-010,2026-06-25,Inspection,rising vibration and abnormal bearing noise,cleaned filter,,26,Routine maintenance record for Air Compressor.,
ML-0232,EQ-003,2026-06-29,Preventive,no abnormality observed,cleaned filter,,65,Routine maintenance record for Blast Furnace Blower.,
ML-0233,EQ-001,2026-06-12,Preventive,routine inspection,"isolate pump, inspect suction strainer and seal kit, restore pressure before restart",,2,Routine maintenance record for Caster Hydraulic Pump.,
ML-0234,EQ-001,2026-06-19,Lubrication,routine inspection,cleaned filter,,59,Routine maintenance record for Caster Hydraulic Pump.,
ML-0235,EQ-002,2026-06-23,Calibration,routine inspection,cleaned filter,,44,Routine maintenance record for Rolling Mill Main Motor.,
ML-0236,EQ-011,2026-05-20,Lubrication,rising vibration and abnormal bearing noise,checked alignment,,25,Routine maintenance record for Lubrication Pump.,
ML-0237,EQ-003,2026-06-15,Lubrication,no abnormality observed,topped up lubricant,,6,Routine maintenance record for Blast Furnace Blower.,
ML-0238,EQ-002,2026-05-24,Calibration,rising vibration and abnormal bearing noise,checked alignment,SP-BEAR-001,55,Routine maintenance record for Rolling Mill Main Motor.,
ML-0239,EQ-007,2026-06-01,Inspection,routine inspection,"flush cooling line, clean strainer, verify flow rate before releasing equipment",SP-FILTER-002,22,Routine maintenance record for Dust Collector Fan.,
ML-0240,EQ-007,2026-05-14,Calibration,no abnormality observed,topped up lubricant,SP-BEAR-001,13,Routine maintenance record for Dust Collector Fan.,
ML-0241,EQ-003,2026-06-06,Preventive,routine inspection,"inspect bearing housing, verify lubrication flow, replace bearing if vibration remains high",SP-BEAR-001,34,Routine maintenance record for Blast Furnace Blower.,
ML-0242,EQ-010,2026-06-10,Lubrication,no abnormality observed,checked alignment,,57,Routine maintenance record for Air Compressor.,
ML-0243,EQ-010,2026-06-09,Inspection,high vibration during load changes,checked alignment,,90,Routine maintenance record for Air Compressor.,
ML-0244,EQ-006,2026-06-19,Calibration,no abnormality observed,topped up lubricant,SP-BEAR-001,74,Routine maintenance record for Conveyor Drive Unit.,
ML-0245,EQ-010,2026-05-22,Inspection,temperature rise with reduced coolant flow,cleaned filter,,0,Routine maintenance record for Air Compressor.,
ML-0246,EQ-001,2026-06-21,Inspection,routine inspection,"isolate pump, inspect suction strainer and seal kit, restore pressure before restart",SP-SEAL-001,56,Routine maintenance record for Caster Hydraulic Pump.,
ML-0247,EQ-002,2026-06-22,Preventive,rising vibration and abnormal bearing noise,"inspect bearing housing, verify lubrication flow, replace bearing if vibration remains high",,89,Routine maintenance record for Rolling Mill Main Motor.,
ML-0248,EQ-009,2026-05-23,Lubrication,current spike and repeated overload trip,"check load coupling, verify phase current balance, inspect motor winding temperature",SP-CONTACTOR-001,14,Routine maintenance record for Scale Breaker Motor.,
ML-0249,EQ-007,2026-06-07,Inspection,no abnormality observed,checked alignment,SP-COUPLING-001,9,Routine maintenance record for Dust Collector Fan.,
ML-0250,EQ-007,2026-06-14,Lubrication,rising vibration and abnormal bearing noise,cleaned filter,SP-BEAR-001,55,Routine maintenance record for Dust Collector Fan.,
ML-0251,EQ-004,2026-06-23,Inspection,high vibration during load changes,checked alignment,,53,Routine maintenance record for Ladle Crane Gearbox.,
ML-0252,EQ-009,2026-05-04,Lubrication,rising vibration and abnormal bearing noise,"inspect bearing housing, verify lubrication flow, replace bearing if vibration remains high",,71,Routine maintenance record for Scale Breaker Motor.,
ML-0253,EQ-004,2026-05-27,Calibration,routine inspection,"top up oil, inspect lubrication line, replace clogged filter, verify pump discharge",,54,Routine maintenance record for Ladle Crane Gearbox.,
ML-0254,EQ-003,2026-06-12,Calibration,no abnormality observed,topped up lubricant,,24,Routine maintenance record for Blast Furnace Blower.,
ML-0255,EQ-001,2026-06-04,Lubrication,routine inspection,cleaned filter,,24,Routine maintenance record for Caster Hydraulic Pump.,
ML-0256,EQ-004,2026-05-29,Lubrication,no abnormality observed,"check alignment, inspect coupling, tighten foundation bolts, monitor vibration trend",,81,Routine maintenance record for Ladle Crane Gearbox.,
ML-0257,EQ-011,2026-05-28,Inspection,temperature rise with reduced coolant flow,"flush cooling line, clean strainer, verify flow rate before releasing equipment",SP-FILTER-002,81,Routine maintenance record for Lubrication Pump.,
ML-0258,EQ-011,2026-05-30,Inspection,no abnormality observed,cleaned filter,,60,Routine maintenance record for Lubrication Pump.,
ML-0259,EQ-008,2026-06-11,Preventive,no abnormality observed,checked alignment,SP-BEAR-001,6,Routine maintenance record for Reheat Furnace Burner.,
ML-0260,EQ-001,2026-05-23,Preventive,temperature rise with reduced coolant flow,checked alignment,SP-FILTER-002,48,Routine maintenance record for Caster Hydraulic Pump.,
ML-0261,EQ-004,2026-05-08,Calibration,rising vibration and abnormal bearing noise,cleaned filter,,6,Routine maintenance record for Ladle Crane Gearbox.,
ML-0262,EQ-006,2026-06-16,Inspection,no abnormality observed,topped up lubricant,SP-FILTER-002,88,Routine maintenance record for Conveyor Drive Unit.,
ML-0263,EQ-004,2026-05-19,Calibration,no abnormality observed,"inspect bearing housing, verify lubrication flow, replace bearing if vibration remains high",SP-BEAR-001,17,Routine maintenance record for Ladle Crane Gearbox.,
ML-0264,EQ-002,2026-05-30,Calibration,no abnormality observed,"inspect bearing housing, verify lubrication flow, replace bearing if vibration remains high",,62,Routine maintenance record for Rolling Mill Main Motor.,
ML-0265,EQ-002,2026-06-20,Inspection,temperature rise with reduced coolant flow,"flush cooling line, clean strainer, verify flow rate before releasing equipment",SP-FILTER-002,84,Routine maintenance record for Rolling Mill Main Motor.,
ML-0266,EQ-010,2026-05-01,Calibration,temperature rise with reduced coolant flow,"flush cooling line, clean strainer, verify flow rate before releasing equipment",SP-FILTER-002,84,Routine maintenance record for Air Compressor.,
ML-0267,EQ-007,2026-05-06,Calibration,high vibration during load changes,checked alignment,,7,Routine maintenance record for Dust Collector Fan.,
ML-0268,EQ-005,2026-05-22,Inspection,routine inspection,checked alignment,,56,Routine maintenance record for Cooling Water Pump.,
ML-0269,EQ-012,2026-06-11,Inspection,temperature rise with reduced coolant flow,topped up lubricant,SP-FILTER-002,44,Routine maintenance record for Cooling Tower Fan.,
ML-0270,EQ-004,2026-05-14,Inspection,no abnormality observed,topped up lubricant,,56,Routine maintenance record for Ladle Crane Gearbox.,
ML-0271,EQ-010,2026-05-01,Calibration,high vibration during load changes,topped up lubricant,,25,Routine maintenance record for Air Compressor.,
ML-0272,EQ-011,2026-05-23,Preventive,temperature rise with reduced coolant flow,"flush cooling line, clean strainer, verify flow rate before releasing equipment",,13,Routine maintenance record for Lubrication Pump.,
ML-0273,EQ-006,2026-05-08,Inspection,current spike and repeated overload trip,"check load coupling, verify phase current balance, inspect motor winding temperature",,59,Routine maintenance record for Conveyor Drive Unit.,
ML-0274,EQ-010,2026-05-10,Preventive,no abnormality observed,cleaned filter,SP-COUPLING-001,49,Routine maintenance record for Air Compressor.,
ML-0275,EQ-005,2026-06-24,Inspection,routine inspection,topped up lubricant,SP-BEAR-001,58,Routine maintenance record for Cooling Water Pump.,
ML-0276,EQ-006,2026-05-09,Preventive,no abnormality observed,cleaned filter,,33,Routine maintenance record for Conveyor Drive Unit.,
ML-0277,EQ-007,2026-06-15,Lubrication,high vibration during load changes,cleaned filter,,74,Routine maintenance record for Dust Collector Fan.,
ML-0278,EQ-006,2026-06-05,Inspection,no abnormality observed,checked alignment,SP-BEAR-001,14,Routine maintenance record for Conveyor Drive Unit.,
ML-0279,EQ-010,2026-05-01,Preventive,routine inspection,checked alignment,SP-BEAR-001,73,Routine maintenance record for Air Compressor.,
ML-0280,EQ-006,2026-06-18,Lubrication,routine inspection,checked alignment,SP-FILTER-002,13,Routine maintenance record for Conveyor Drive Unit.,
ML-0281,EQ-009,2026-06-26,Lubrication,no abnormality observed,topped up lubricant,,87,Routine maintenance record for Scale Breaker Motor.,
ML-0282,EQ-003,2026-05-11,Inspection,no abnormality observed,"check alignment, inspect coupling, tighten foundation bolts, monitor vibration trend",,28,Routine maintenance record for Blast Furnace Blower.,
ML-0283,EQ-008,2026-05-13,Preventive,temperature rise with reduced coolant flow,checked alignment,,5,Routine maintenance record for Reheat Furnace Burner.,
ML-0284,EQ-003,2026-05-02,Preventive,no abnormality observed,topped up lubricant,,67,Routine maintenance record for Blast Furnace Blower.,
ML-0285,EQ-008,2026-05-05,Calibration,current spike and repeated overload trip,topped up lubricant,,0,Routine maintenance record for Reheat Furnace Burner.,
ML-0286,EQ-006,2026-06-09,Inspection,routine inspection,topped up lubricant,SP-CONTACTOR-001,41,Routine maintenance record for Conveyor Drive Unit.,
ML-0287,EQ-003,2026-05-29,Preventive,routine inspection,"inspect bearing housing, verify lubrication flow, replace bearing if vibration remains high",,45,Routine maintenance record for Blast Furnace Blower.,
ML-0288,EQ-001,2026-06-16,Inspection,routine inspection,cleaned filter,,78,Routine maintenance record for Caster Hydraulic Pump.,
ML-0289,EQ-005,2026-06-11,Preventive,oil level drop with heat buildup,checked alignment,,16,Routine maintenance record for Cooling Water Pump.,
ML-0290,EQ-012,2026-06-05,Lubrication,rising vibration and abnormal bearing noise,checked alignment,SP-BEAR-001,84,Routine maintenance record for Cooling Tower Fan.,
ML-0291,EQ-001,2026-06-20,Lubrication,no abnormality observed,topped up lubricant,SP-BEAR-001,65,Routine maintenance record for Caster Hydraulic Pump.,
ML-0292,EQ-001,2026-05-19,Inspection,rising vibration and abnormal bearing noise,topped up lubricant,SP-BEAR-001,26,Routine maintenance record for Caster Hydraulic Pump.,
ML-0293,EQ-010,2026-06-02,Calibration,routine inspection,cleaned filter,SP-COUPLING-001,14,Routine maintenance record for Air Compressor.,
ML-0294,EQ-010,2026-05-22,Inspection,high vibration during load changes,cleaned filter,SP-COUPLING-001,30,Routine maintenance record for Air Compressor.,
ML-0295,EQ-006,2026-05-06,Calibration,no abnormality observed,checked alignment,SP-BEAR-001,21,Routine maintenance record for Conveyor Drive Unit.,
ML-0296,EQ-011,2026-05-25,Preventive,no abnormality observed,"flush cooling line, clean strainer, verify flow rate before releasing equipment",,75,Routine maintenance record for Lubrication Pump.,
ML-0297,EQ-005,2026-06-28,Lubrication,oil level drop with heat buildup,topped up lubricant,SP-OIL-001,74,Routine maintenance record for Cooling Water Pump.,
ML-0298,EQ-007,2026-05-10,Inspection,rising vibration and abnormal bearing noise,"inspect bearing housing, verify lubrication flow, replace bearing if vibration remains high",,25,Routine maintenance record for Dust Collector Fan.,
ML-0299,EQ-002,2026-06-17,Inspection,routine inspection,"check load coupling, verify phase current balance, inspect motor winding temperature",SP-CONTACTOR-001,16,Routine maintenance record for Rolling Mill Main Motor.,
ML-0300,EQ-001,2026-06-20,Inspection,routine inspection,cleaned filter,,56,Routine maintenance record for Caster Hydraulic Pump.,
ML-0301,EQ-005,2026-06-02,Lubrication,routine inspection,"inspect bearing housing, verify lubrication flow, replace bearing if vibration remains high",SP-BEAR-001,79,Routine maintenance record for Cooling Water Pump.,
ML-0302,EQ-003,2026-05-04,Calibration,no abnormality observed,cleaned filter,SP-COUPLING-001,78,Routine maintenance record for Blast Furnace Blower.,
ML-0303,EQ-002,2026-06-30,Preventive,rising vibration and abnormal bearing noise,checked alignment,SP-BEAR-001,36,Routine maintenance record for Rolling Mill Main Motor.,
ML-0304,EQ-003,2026-06-04,Inspection,rising vibration and abnormal bearing noise,"inspect bearing housing, verify lubrication flow, replace bearing if vibration remains high",SP-BEAR-001,55,Routine maintenance record for Blast Furnace Blower.,
ML-0305,EQ-011,2026-06-01,Inspection,no abnormality observed,cleaned filter,,25,Routine maintenance record for Lubrication Pump.,
ML-0306,EQ-004,2026-05-19,Preventive,rising vibration and abnormal bearing noise,cleaned filter,,31,Routine maintenance record for Ladle Crane Gearbox.,
ML-0307,EQ-007,2026-06-21,Inspection,temperature rise with reduced coolant flow,topped up lubricant,,33,Routine maintenance record for Dust Collector Fan.,
ML-0308,EQ-001,2026-05-26,Inspection,routine inspection,topped up lubricant,SP-SEAL-001,82,Routine maintenance record for Caster Hydraulic Pump.,
ML-0309,EQ-007,2026-05-13,Inspection,temperature rise with reduced coolant flow,cleaned filter,,32,Routine maintenance record for Dust Collector Fan.,
ML-0310,EQ-002,2026-06-05,Preventive,rising vibration and abnormal bearing noise,"inspect bearing housing, verify lubrication flow, replace bearing if vibration remains high",,5,Routine maintenance record for Rolling Mill Main Motor.,
ML-0311,EQ-006,2026-05-20,Lubrication,rising vibration and abnormal bearing noise,topped up lubricant,,63,Routine maintenance record for Conveyor Drive Unit.,
ML-0312,EQ-006,2026-06-04,Inspection,no abnormality observed,checked alignment,,14,Routine maintenance record for Conveyor Drive Unit.,
ML-0313,EQ-012,2026-06-27,Lubrication,routine inspection,topped up lubricant,,18,Routine maintenance record for Cooling Tower Fan.,
ML-0314,EQ-006,2026-06-16,Preventive,no abnormality observed,"check load coupling, verify phase current balance, inspect motor winding temperature",,35,Routine maintenance record for Conveyor Drive Unit.,
ML-0315,EQ-012,2026-05-26,Calibration,high vibration during load changes,"check alignment, inspect coupling, tighten foundation bolts, monitor vibration trend",,27,Routine maintenance record for Cooling Tower Fan.,
ML-0316,EQ-012,2026-05-30,Lubrication,temperature rise with reduced coolant flow,topped up lubricant,,40,Routine maintenance record for Cooling Tower Fan.,
ML-0317,EQ-005,2026-05-22,Calibration,routine inspection,checked alignment,,28,Routine maintenance record for Cooling Water Pump.,
ML-0318,EQ-012,2026-05-09,Preventive,no abnormality observed,checked alignment,SP-BEAR-001,24,Routine maintenance record for Cooling Tower Fan.,
ML-0319,EQ-011,2026-06-07,Preventive,routine inspection,topped up lubricant,,24,Routine maintenance record for Lubrication Pump.,
ML-0320,EQ-009,2026-06-26,Preventive,routine inspection,topped up lubricant,,21,Routine maintenance record for Scale Breaker Motor.,
ML-0321,EQ-010,2026-05-25,Preventive,routine inspection,cleaned filter,,88,Routine maintenance record for Air Compressor.,
ML-0322,EQ-002,2026-06-17,Inspection,routine inspection,"inspect bearing housing, verify lubrication flow, replace bearing if vibration remains high",,11,Routine maintenance record for Rolling Mill Main Motor.,
ML-0323,EQ-011,2026-06-20,Preventive,routine inspection,cleaned filter,,38,Routine maintenance record for Lubrication Pump.,
ML-0324,EQ-005,2026-05-18,Inspection,no abnormality observed,"flush cooling line, clean strainer, verify flow rate before releasing equipment",,46,Routine maintenance record for Cooling Water Pump.,
ML-0325,EQ-012,2026-06-25,Lubrication,no abnormality observed,topped up lubricant,SP-BEAR-001,81,Routine maintenance record for Cooling Tower Fan.,
ML-0326,EQ-010,2026-05-19,Calibration,routine inspection,cleaned filter,SP-COUPLING-001,52,Routine maintenance record for Air Compressor.,
ML-0327,EQ-001,2026-05-03,Inspection,temperature rise with reduced coolant flow,"flush cooling line, clean strainer, verify flow rate before releasing equipment",SP-FILTER-002,19,Routine maintenance record for Caster Hydraulic Pump.,
ML-0328,EQ-009,2026-05-21,Calibration,no abnormality observed,cleaned filter,SP-CONTACTOR-001,47,Routine maintenance record for Scale Breaker Motor.,
ML-0329,EQ-011,2026-05-08,Lubrication,routine inspection,cleaned filter,,34,Routine maintenance record for Lubrication Pump.,
ML-0330,EQ-004,2026-06-18,Calibration,rising vibration and abnormal bearing noise,"inspect bearing housing, verify lubrication flow, replace bearing if vibration remains high",SP-BEAR-001,7,Routine maintenance record for Ladle Crane Gearbox.,
ML-0331,EQ-009,2026-05-10,Inspection,temperature rise with reduced coolant flow,topped up lubricant,SP-FILTER-002,47,Routine maintenance record for Scale Breaker Motor.,
ML-0332,EQ-003,2026-06-22,Inspection,routine inspection,cleaned filter,SP-BEAR-001,36,Routine maintenance record for Blast Furnace Blower.,
ML-0333,EQ-004,2026-05-11,Inspection,routine inspection,checked alignment,SP-BEAR-001,45,Routine maintenance record for Ladle Crane Gearbox.,
ML-0334,EQ-011,2026-06-28,Calibration,routine inspection,"isolate pump, inspect suction strainer and seal kit, restore pressure before restart",,74,Routine maintenance record for Lubrication Pump.,
ML-0335,EQ-009,2026-06-17,Lubrication,rising vibration and abnormal bearing noise,topped up lubricant,SP-BEAR-001,68,Routine maintenance record for Scale Breaker Motor.,
ML-0336,EQ-001,2026-06-03,Preventive,routine inspection,topped up lubricant,,3,Routine maintenance record for Caster Hydraulic Pump.,
ML-0337,EQ-012,2026-06-04,Inspection,no abnormality observed,cleaned filter,,29,Routine maintenance record for Cooling Tower Fan.,
ML-0338,EQ-012,2026-05-05,Calibration,temperature rise with reduced coolant flow,"flush cooling line, clean strainer, verify flow rate before releasing equipment",,49,Routine maintenance record for Cooling Tower Fan.,
ML-0339,EQ-007,2026-05-22,Calibration,high vibration during load changes,topped up lubricant,,75,Routine maintenance record for Dust Collector Fan.,
ML-0340,EQ-004,2026-06-16,Lubrication,no abnormality observed,checked alignment,,41,Routine maintenance record for Ladle Crane Gearbox.,
ML-0341,EQ-010,2026-05-17,Calibration,no abnormality observed,"inspect bearing housing, verify lubrication flow, replace bearing if vibration remains high",SP-BEAR-001,16,Routine maintenance record for Air Compressor.,
ML-0342,EQ-011,2026-05-03,Calibration,no abnormality observed,checked alignment,,72,Routine maintenance record for Lubrication Pump.,
ML-0343,EQ-002,2026-05-03,Inspection,routine inspection,cleaned filter,SP-FILTER-002,65,Routine maintenance record for Rolling Mill Main Motor.,
ML-0344,EQ-005,2026-05-09,Inspection,no abnormality observed,checked alignment,,62,Routine maintenance record for Cooling Water Pump.,
ML-0345,EQ-010,2026-06-29,Inspection,high vibration during load changes,"check alignment, inspect coupling, tighten foundation bolts, monitor vibration trend",SP-COUPLING-001,81,Routine maintenance record for Air Compressor.,
ML-0346,EQ-011,2026-05-23,Preventive,no abnormality observed,"flush cooling line, clean strainer, verify flow rate before releasing equipment",,86,Routine maintenance record for Lubrication Pump.,
ML-0347,EQ-011,2026-06-13,Lubrication,no abnormality observed,checked alignment,,53,Routine maintenance record for Lubrication Pump.,
ML-0348,EQ-007,2026-06-26,Calibration,high vibration during load changes,checked alignment,,16,Routine maintenance record for Dust Collector Fan.,
ML-0349,EQ-001,2026-06-15,Preventive,rising vibration and abnormal bearing noise,checked alignment,,5,Routine maintenance record for Caster Hydraulic Pump.,
ML-0350,EQ-009,2026-06-07,Preventive,no abnormality observed,cleaned filter,,48,Routine maintenance record for Scale Breaker Motor.,
ML-0351,EQ-004,2026-05-12,Calibration,oil level drop with heat buildup,"top up oil, inspect lubrication line, replace clogged filter, verify pump discharge",SP-OIL-001,38,Routine maintenance record for Ladle Crane Gearbox.,
ML-0352,EQ-012,2026-06-01,Inspection,no abnormality observed,"inspect bearing housing, verify lubrication flow, replace bearing if vibration remains high",,48,Routine maintenance record for Cooling Tower Fan.,
ML-0353,EQ-008,2026-05-10,Lubrication,rising vibration and abnormal bearing noise,cleaned filter,SP-BEAR-001,12,Routine maintenance record for Reheat Furnace Burner.,
ML-0354,EQ-002,2026-05-27,Preventive,no abnormality observed,topped up lubricant,,65,Routine maintenance record for Rolling Mill Main Motor.,
ML-0355,EQ-012,2026-05-22,Calibration,no abnormality observed,checked alignment,,9,Routine maintenance record for Cooling Tower Fan.,
ML-0356,EQ-012,2026-05-23,Calibration,routine inspection,checked alignment,SP-FILTER-002,1,Routine maintenance record for Cooling Tower Fan.,
ML-0357,EQ-010,2026-05-03,Inspection,no abnormality observed,cleaned filter,SP-BEAR-001,17,Routine maintenance record for Air Compressor.,
ML-0358,EQ-012,2026-06-26,Lubrication,no abnormality observed,checked alignment,,1,Routine maintenance record for Cooling Tower Fan.,
ML-0359,EQ-011,2026-06-12,Lubrication,no abnormality observed,checked alignment,,76,Routine maintenance record for Lubrication Pump.,
ML-0360,EQ-002,2026-06-11,Calibration,no abnormality observed,checked alignment,SP-FILTER-002,29,Routine maintenance record for Rolling Mill Main Motor.,
ML-0361,EQ-012,2026-05-07,Lubrication,temperature rise with reduced coolant flow,cleaned filter,SP-FILTER-002,43,Routine maintenance record for Cooling Tower Fan.,
ML-0362,EQ-003,2026-05-01,Calibration,no abnormality observed,cleaned filter,,81,Routine maintenance record for Blast Furnace Blower.,
ML-0363,EQ-010,2026-05-29,Lubrication,no abnormality observed,checked alignment,,4,Routine maintenance record for Air Compressor.,
ML-0364,EQ-008,2026-05-23,Inspection,no abnormality observed,topped up lubricant,,54,Routine maintenance record for Reheat Furnace Burner.,
ML-0365,EQ-008,2026-05-16,Calibration,temperature rise with reduced coolant flow,topped up lubricant,SP-FILTER-002,73,Routine maintenance record for Reheat Furnace Burner.,
ML-0366,EQ-009,2026-06-09,Preventive,rising vibration and abnormal bearing noise,checked alignment,SP-BEAR-001,41,Routine maintenance record for Scale Breaker Motor.,
ML-0367,EQ-012,2026-05-03,Preventive,high vibration during load changes,"check alignment, inspect coupling, tighten foundation bolts, monitor vibration trend",SP-COUPLING-001,25,Routine maintenance record for Cooling Tower Fan.,
ML-0368,EQ-012,2026-05-07,Preventive,no abnormality observed,topped up lubricant,,35,Routine maintenance record for Cooling Tower Fan.,
ML-0369,EQ-008,2026-06-01,Lubrication,rising vibration and abnormal bearing noise,topped up lubricant,SP-BEAR-001,86,Routine maintenance record for Reheat Furnace Burner.,
ML-0370,EQ-003,2026-05-17,Inspection,rising vibration and abnormal bearing noise,topped up lubricant,SP-BEAR-001,52,Routine maintenance record for Blast Furnace Blower.,
ML-0371,EQ-003,2026-06-29,Lubrication,routine inspection,"flush cooling line, clean strainer, verify flow rate before releasing equipment",SP-FILTER-002,7,Routine maintenance record for Blast Furnace Blower.,
ML-0372,EQ-011,2026-06-09,Calibration,routine inspection,"flush cooling line, clean strainer, verify flow rate before releasing equipment",,15,Routine maintenance record for Lubrication Pump.,
ML-0373,EQ-006,2026-06-28,Inspection,routine inspection,cleaned filter,,27,Routine maintenance record for Conveyor Drive Unit.,
ML-0374,EQ-001,2026-06-08,Calibration,no abnormality observed,"isolate pump, inspect suction strainer and seal kit, restore pressure before restart",SP-SEAL-001,86,Routine maintenance record for Caster Hydraulic Pump.,
ML-0375,EQ-007,2026-06-30,Preventive,no abnormality observed,"inspect bearing housing, verify lubrication flow, replace bearing if vibration remains high",,5,Routine maintenance record for Dust Collector Fan.,
ML-0376,EQ-009,2026-06-24,Lubrication,routine inspection,topped up lubricant,,51,Routine maintenance record for Scale Breaker Motor.,
ML-0377,EQ-011,2026-05-24,Preventive,no abnormality observed,topped up lubricant,SP-SEAL-001,20,Routine maintenance record for Lubrication Pump.,
ML-0378,EQ-003,2026-05-17,Preventive,rising vibration and abnormal bearing noise,"inspect bearing housing, verify lubrication flow, replace bearing if vibration remains high",SP-BEAR-001,54,Routine maintenance record for Blast Furnace Blower.,
ML-0379,EQ-011,2026-06-25,Calibration,no abnormality observed,"inspect bearing housing, verify lubrication flow, replace bearing if vibration remains high",SP-BEAR-001,65,Routine maintenance record for Lubrication Pump.,
ML-0380,EQ-005,2026-06-23,Lubrication,oil level drop with heat buildup,"top up oil, inspect lubrication line, replace clogged filter, verify pump discharge",SP-OIL-001,66,Routine maintenance record for Cooling Water Pump.,
ML-0381,EQ-011,2026-06-03,Inspection,no abnormality observed,topped up lubricant,SP-OIL-001,6,Routine maintenance record for Lubrication Pump.,
ML-0382,EQ-012,2026-06-10,Calibration,routine inspection,topped up lubricant,SP-BEAR-001,77,Routine maintenance record for Cooling Tower Fan.,
ML-0383,EQ-012,2026-06-05,Inspection,routine inspection,cleaned filter,SP-COUPLING-001,69,Routine maintenance record for Cooling Tower Fan.,
ML-0384,EQ-001,2026-06-07,Inspection,rising vibration and abnormal bearing noise,"inspect bearing housing, verify lubrication flow, replace bearing if vibration remains high",SP-BEAR-001,68,Routine maintenance record for Caster Hydraulic Pump.,
ML-0385,EQ-003,2026-06-13,Lubrication,no abnormality observed,"flush cooling line, clean strainer, verify flow rate before releasing equipment",,73,Routine maintenance record for Blast Furnace Blower.,
ML-0386,EQ-001,2026-06-12,Preventive,oil level drop with heat buildup,cleaned filter,SP-OIL-001,80,Routine maintenance record for Caster Hydraulic Pump.,
ML-0387,EQ-003,2026-06-28,Lubrication,temperature rise with reduced coolant flow,checked alignment,,3,Routine maintenance record for Blast Furnace Blower.,
ML-0388,EQ-001,2026-06-15,Inspection,routine inspection,checked alignment,SP-SEAL-001,55,Routine maintenance record for Caster Hydraulic Pump.,
ML-0389,EQ-002,2026-06-15,Inspection,no abnormality observed,"check load coupling, verify phase current balance, inspect motor winding temperature",,21,Routine maintenance record for Rolling Mill Main Motor.,
ML-0390,EQ-008,2026-06-19,Inspection,current spike and repeated overload trip,topped up lubricant,,23,Routine maintenance record for Reheat Furnace Burner.,
ML-0391,EQ-011,2026-05-02,Preventive,no abnormality observed,topped up lubricant,SP-OIL-001,83,Routine maintenance record for Lubrication Pump.,
ML-0392,EQ-004,2026-05-20,Lubrication,routine inspection,"inspect bearing housing, verify lubrication flow, replace bearing if vibration remains high",,64,Routine maintenance record for Ladle Crane Gearbox.,
ML-0393,EQ-008,2026-05-11,Inspection,routine inspection,cleaned filter,SP-CONTACTOR-001,9,Routine maintenance record for Reheat Furnace Burner.,
ML-0394,EQ-012,2026-06-08,Preventive,routine inspection,checked alignment,SP-COUPLING-001,83,Routine maintenance record for Cooling Tower Fan.,
ML-0395,EQ-007,2026-06-27,Preventive,rising vibration and abnormal bearing noise,checked alignment,SP-BEAR-001,71,Routine maintenance record for Dust Collector Fan.,
ML-0396,EQ-011,2026-06-09,Calibration,oil level drop with heat buildup,cleaned filter,,73,Routine maintenance record for Lubrication Pump.,
ML-0397,EQ-011,2026-06-30,Calibration,rising vibration and abnormal bearing noise,cleaned filter,SP-BEAR-001,50,Routine maintenance record for Lubrication Pump.,
ML-0398,EQ-012,2026-06-10,Lubrication,no abnormality observed,checked alignment,,48,Routine maintenance record for Cooling Tower Fan.,
ML-0399,EQ-010,2026-05-13,Preventive,no abnormality observed,cleaned filter,,54,Routine maintenance record for Air Compressor.,
ML-0400,EQ-010,2026-05-26,Calibration,no abnormality observed,topped up lubricant,,52,Routine maintenance record for Air Compressor.,
ML-0401,EQ-001,2026-05-10,Inspection,no abnormality observed,topped up lubricant,SP-OIL-001,43,Routine maintenance record for Caster Hydraulic Pump.,
ML-0402,EQ-012,2026-05-31,Inspection,temperature rise with reduced coolant flow,cleaned filter,,80,Routine maintenance record for Cooling Tower Fan.,
ML-0403,EQ-012,2026-06-16,Calibration,high vibration during load changes,checked alignment,SP-COUPLING-001,37,Routine maintenance record for Cooling Tower Fan.,
ML-0404,EQ-007,2026-06-15,Calibration,routine inspection,"check alignment, inspect coupling, tighten foundation bolts, monitor vibration trend",SP-COUPLING-001,12,Routine maintenance record for Dust Collector Fan.,
ML-0405,EQ-012,2026-05-31,Calibration,routine inspection,"flush cooling line, clean strainer, verify flow rate before releasing equipment",,79,Routine maintenance record for Cooling Tower Fan.,
ML-0406,EQ-002,2026-05-21,Inspection,routine inspection,topped up lubricant,SP-CONTACTOR-001,34,Routine maintenance record for Rolling Mill Main Motor.,
ML-0407,EQ-001,2026-06-19,Preventive,routine inspection,checked alignment,SP-SEAL-001,25,Routine maintenance record for Caster Hydraulic Pump.,
ML-0408,EQ-002,2026-06-12,Inspection,routine inspection,"flush cooling line, clean strainer, verify flow rate before releasing equipment",SP-FILTER-002,21,Routine maintenance record for Rolling Mill Main Motor.,
ML-0409,EQ-009,2026-06-29,Calibration,routine inspection,"flush cooling line, clean strainer, verify flow rate before releasing equipment",,27,Routine maintenance record for Scale Breaker Motor.,
ML-0410,EQ-007,2026-05-24,Calibration,no abnormality observed,checked alignment,,55,Routine maintenance record for Dust Collector Fan.,
ML-0411,EQ-003,2026-05-12,Preventive,routine inspection,"check alignment, inspect coupling, tighten foundation bolts, monitor vibration trend",,1,Routine maintenance record for Blast Furnace Blower.,
ML-0412,EQ-011,2026-05-21,Preventive,routine inspection,topped up lubricant,,52,Routine maintenance record for Lubrication Pump.,
ML-0413,EQ-002,2026-05-18,Calibration,no abnormality observed,cleaned filter,SP-FILTER-002,86,Routine maintenance record for Rolling Mill Main Motor.,
ML-0414,EQ-011,2026-06-15,Preventive,pressure drop with increasing pump temperature,cleaned filter,,65,Routine maintenance record for Lubrication Pump.,
ML-0415,EQ-011,2026-05-14,Inspection,routine inspection,cleaned filter,,79,Routine maintenance record for Lubrication Pump.,
ML-0416,EQ-010,2026-05-13,Lubrication,routine inspection,topped up lubricant,,31,Routine maintenance record for Air Compressor.,
ML-0417,EQ-005,2026-05-12,Inspection,routine inspection,checked alignment,,42,Routine maintenance record for Cooling Water Pump.,
ML-0418,EQ-011,2026-05-14,Inspection,pressure drop with increasing pump temperature,cleaned filter,SP-SEAL-001,41,Routine maintenance record for Lubrication Pump.,
ML-0419,EQ-006,2026-06-15,Inspection,routine inspection,"check load coupling, verify phase current balance, inspect motor winding temperature",SP-CONTACTOR-001,76,Routine maintenance record for Conveyor Drive Unit.,
ML-0420,EQ-002,2026-05-16,Lubrication,temperature rise with reduced coolant flow,topped up lubricant,,48,Routine maintenance record for Rolling Mill Main Motor.,
ML-0421,EQ-012,2026-06-10,Inspection,routine inspection,cleaned filter,,26,Routine maintenance record for Cooling Tower Fan.,
ML-0422,EQ-010,2026-05-08,Calibration,rising vibration and abnormal bearing noise,checked alignment,,33,Routine maintenance record for Air Compressor.,
ML-0423,EQ-004,2026-06-08,Calibration,routine inspection,topped up lubricant,SP-OIL-001,46,Routine maintenance record for Ladle Crane Gearbox.,
ML-0424,EQ-009,2026-06-08,Inspection,current spike and repeated overload trip,"check load coupling, verify phase current balance, inspect motor winding temperature",,34,Routine maintenance record for Scale Breaker Motor.,
ML-0425,EQ-001,2026-06-13,Lubrication,temperature rise with reduced coolant flow,checked alignment,SP-FILTER-002,5,Routine maintenance record for Caster Hydraulic Pump.,
ML-0426,EQ-004,2026-06-18,Preventive,routine inspection,topped up lubricant,SP-OIL-001,38,Routine maintenance record for Ladle Crane Gearbox.,
ML-0427,EQ-005,2026-06-29,Calibration,pressure drop with increasing pump temperature,cleaned filter,,53,Routine maintenance record for Cooling Water Pump.,
ML-0428,EQ-009,2026-05-18,Lubrication,routine inspection,topped up lubricant,SP-BEAR-001,28,Routine maintenance record for Scale Breaker Motor.,
ML-0429,EQ-004,2026-05-05,Inspection,no abnormality observed,cleaned filter,SP-OIL-001,12,Routine maintenance record for Ladle Crane Gearbox.,
ML-0430,EQ-007,2026-05-13,Preventive,routine inspection,topped up lubricant,SP-COUPLING-001,26,Routine maintenance record for Dust Collector Fan.,
ML-0431,EQ-007,2026-05-14,Lubrication,high vibration during load changes,"check alignment, inspect coupling, tighten foundation bolts, monitor vibration trend",SP-COUPLING-001,10,Routine maintenance record for Dust Collector Fan.,
ML-0432,EQ-002,2026-05-23,Preventive,temperature rise with reduced coolant flow,cleaned filter,,28,Routine maintenance record for Rolling Mill Main Motor.,
ML-0433,EQ-008,2026-05-10,Lubrication,routine inspection,cleaned filter,,84,Routine maintenance record for Reheat Furnace Burner.,
ML-0434,EQ-010,2026-06-12,Preventive,no abnormality observed,"check alignment, inspect coupling, tighten foundation bolts, monitor vibration trend",,29,Routine maintenance record for Air Compressor.,
ML-0435,EQ-008,2026-06-12,Calibration,no abnormality observed,"check load coupling, verify phase current balance, inspect motor winding temperature",,41,Routine maintenance record for Reheat Furnace Burner.,
ML-0436,EQ-004,2026-06-19,Calibration,high vibration during load changes,checked alignment,SP-COUPLING-001,33,Routine maintenance record for Ladle Crane Gearbox.,
ML-0437,EQ-010,2026-06-04,Lubrication,rising vibration and abnormal bearing noise,"inspect bearing housing, verify lubrication flow, replace bearing if vibration remains high",,79,Routine maintenance record for Air Compressor.,
ML-0438,EQ-001,2026-05-31,Lubrication,routine inspection,topped up lubricant,,26,Routine maintenance record for Caster Hydraulic Pump.,
ML-0439,EQ-007,2026-06-09,Calibration,temperature rise with reduced coolant flow,checked alignment,,52,Routine maintenance record for Dust Collector Fan.,
ML-0440,EQ-007,2026-06-04,Calibration,temperature rise with reduced coolant flow,topped up lubricant,SP-FILTER-002,32,Routine maintenance record for Dust Collector Fan.,
ML-0441,EQ-009,2026-06-09,Calibration,routine inspection,cleaned filter,SP-BEAR-001,0,Routine maintenance record for Scale Breaker Motor.,
ML-0442,EQ-006,2026-05-24,Inspection,no abnormality observed,topped up lubricant,SP-BEAR-001,88,Routine maintenance record for Conveyor Drive Unit.,
ML-0443,EQ-003,2026-05-03,Inspection,no abnormality observed,checked alignment,SP-BEAR-001,16,Routine maintenance record for Blast Furnace Blower.,
ML-0444,EQ-004,2026-05-02,Preventive,high vibration during load changes,"check alignment, inspect coupling, tighten foundation bolts, monitor vibration trend",,32,Routine maintenance record for Ladle Crane Gearbox.,
ML-0445,EQ-002,2026-05-06,Lubrication,current spike and repeated overload trip,"check load coupling, verify phase current balance, inspect motor winding temperature",SP-CONTACTOR-001,56,Routine maintenance record for Rolling Mill Main Motor.,
ML-0446,EQ-003,2026-06-30,Preventive,no abnormality observed,checked alignment,SP-BEAR-001,57,Routine maintenance record for Blast Furnace Blower.,
ML-0447,EQ-006,2026-06-21,Inspection,routine inspection,topped up lubricant,SP-FILTER-002,49,Routine maintenance record for Conveyor Drive Unit.,
ML-0448,EQ-002,2026-06-02,Lubrication,routine inspection,"flush cooling line, clean strainer, verify flow rate before releasing equipment",SP-FILTER-002,54,Routine maintenance record for Rolling Mill Main Motor.,
ML-0449,EQ-010,2026-05-06,Inspection,routine inspection,topped up lubricant,,51,Routine maintenance record for Air Compressor.,
ML-0450,EQ-012,2026-06-02,Inspection,no abnormality observed,cleaned filter,SP-COUPLING-001,34,Routine maintenance record for Cooling Tower Fan.,
ML-0451,EQ-001,2026-05-29,Preventive,temperature rise with reduced coolant flow,topped up lubricant,SP-FILTER-002,29,Routine maintenance record for Caster Hydraulic Pump.,
ML-0452,EQ-002,2026-05-05,Lubrication,temperature rise with reduced coolant flow,cleaned filter,,0,Routine maintenance record for Rolling Mill Main Motor.,
ML-0453,EQ-005,2026-06-06,Lubrication,routine inspection,cleaned filter,SP-BEAR-001,69,Routine maintenance record for Cooling Water Pump.,
ML-0454,EQ-007,2026-06-23,Calibration,temperature rise with reduced coolant flow,checked alignment,SP-FILTER-002,5,Routine maintenance record for Dust Collector Fan.,
ML-0455,EQ-002,2026-05-25,Inspection,routine inspection,checked alignment,SP-BEAR-001,7,Routine maintenance record for Rolling Mill Main Motor.,
ML-0456,EQ-005,2026-06-15,Inspection,no abnormality observed,cleaned filter,SP-BEAR-001,7,Routine maintenance record for Cooling Water Pump.,
ML-0457,EQ-006,2026-05-29,Inspection,no abnormality observed,"inspect bearing housing, verify lubrication flow, replace bearing if vibration remains high",SP-BEAR-001,24,Routine maintenance record for Conveyor Drive Unit.,
ML-0458,EQ-001,2026-06-19,Inspection,rising vibration and abnormal bearing noise,"inspect bearing housing, verify lubrication flow, replace bearing if vibration remains high",,14,Routine maintenance record for Caster Hydraulic Pump.,
ML-0459,EQ-001,2026-05-01,Preventive,routine inspection,topped up lubricant,SP-OIL-001,83,Routine maintenance record for Caster Hydraulic Pump.,
ML-0460,EQ-002,2026-06-21,Calibration,no abnormality observed,cleaned filter,SP-FILTER-002,27,Routine maintenance record for Rolling Mill Main Motor.,
ML-0461,EQ-009,2026-05-10,Lubrication,routine inspection,checked alignment,SP-FILTER-002,67,Routine maintenance record for Scale Breaker Motor.,
ML-0462,EQ-011,2026-06-05,Lubrication,no abnormality observed,cleaned filter,,10,Routine maintenance record for Lubrication Pump.,
ML-0463,EQ-008,2026-05-19,Preventive,no abnormality observed,cleaned filter,,16,Routine maintenance record for Reheat Furnace Burner.,
ML-0464,EQ-009,2026-06-17,Inspection,rising vibration and abnormal bearing noise,cleaned filter,,88,Routine maintenance record for Scale Breaker Motor.,
ML-0465,EQ-008,2026-05-13,Preventive,rising vibration and abnormal bearing noise,cleaned filter,SP-BEAR-001,0,Routine maintenance record for Reheat Furnace Burner.,
ML-0466,EQ-001,2026-05-31,Lubrication,oil level drop with heat buildup,cleaned filter,,43,Routine maintenance record for Caster Hydraulic Pump.,
ML-0467,EQ-001,2026-05-26,Inspection,routine inspection,checked alignment,,57,Routine maintenance record for Caster Hydraulic Pump.,
ML-0468,EQ-005,2026-05-25,Calibration,routine inspection,checked alignment,SP-OIL-001,32,Routine maintenance record for Cooling Water Pump.,
ML-0469,EQ-008,2026-05-08,Calibration,no abnormality observed,topped up lubricant,SP-BEAR-001,58,Routine maintenance record for Reheat Furnace Burner.,
ML-0470,EQ-005,2026-05-24,Calibration,no abnormality observed,"inspect bearing housing, verify lubrication flow, replace bearing if vibration remains high",,61,Routine maintenance record for Cooling Water Pump.,
ML-0471,EQ-012,2026-05-03,Calibration,rising vibration and abnormal bearing noise,cleaned filter,SP-BEAR-001,29,Routine maintenance record for Cooling Tower Fan.,
ML-0472,EQ-004,2026-05-06,Calibration,high vibration during load changes,checked alignment,SP-COUPLING-001,6,Routine maintenance record for Ladle Crane Gearbox.,
ML-0473,EQ-003,2026-05-18,Inspection,routine inspection,cleaned filter,,34,Routine maintenance record for Blast Furnace Blower.,
ML-0474,EQ-008,2026-06-25,Preventive,routine inspection,"flush cooling line, clean strainer, verify flow rate before releasing equipment",,62,Routine maintenance record for Reheat Furnace Burner.,
ML-0475,EQ-007,2026-06-02,Calibration,high vibration during load changes,"check alignment, inspect coupling, tighten foundation bolts, monitor vibration trend",,61,Routine maintenance record for Dust Collector Fan.,
ML-0476,EQ-004,2026-06-24,Calibration,high vibration during load changes,"check alignment, inspect coupling, tighten foundation bolts, monitor vibration trend",,58,Routine maintenance record for Ladle Crane Gearbox.,
ML-0477,EQ-003,2026-05-06,Inspection,rising vibration and abnormal bearing noise,topped up lubricant,,33,Routine maintenance record for Blast Furnace Blower.,
ML-0478,EQ-011,2026-05-07,Calibration,no abnormality observed,checked alignment,SP-BEAR-001,35,Routine maintenance record for Lubrication Pump.,
ML-0479,EQ-008,2026-06-28,Inspection,temperature rise with reduced coolant flow,cleaned filter,SP-FILTER-002,86,Routine maintenance record for Reheat Furnace Burner.,
ML-0480,EQ-008,2026-05-26,Inspection,rising vibration and abnormal bearing noise,cleaned filter,,53,Routine maintenance record for Reheat Furnace Burner.,
ML-0481,EQ-006,2026-05-09,Preventive,routine inspection,topped up lubricant,SP-CONTACTOR-001,58,Routine maintenance record for Conveyor Drive Unit.,
ML-0482,EQ-009,2026-06-11,Lubrication,rising vibration and abnormal bearing noise,checked alignment,SP-BEAR-001,74,Routine maintenance record for Scale Breaker Motor.,
ML-0483,EQ-008,2026-05-10,Lubrication,routine inspection,"flush cooling line, clean strainer, verify flow rate before releasing equipment",,87,Routine maintenance record for Reheat Furnace Burner.,
ML-0484,EQ-010,2026-06-19,Preventive,routine inspection,checked alignment,SP-COUPLING-001,43,Routine maintenance record for Air Compressor.,
ML-0485,EQ-011,2026-05-06,Lubrication,rising vibration and abnormal bearing noise,topped up lubricant,SP-BEAR-001,69,Routine maintenance record for Lubrication Pump.,
ML-0486,EQ-003,2026-05-27,Inspection,rising vibration and abnormal bearing noise,topped up lubricant,,45,Routine maintenance record for Blast Furnace Blower.,
ML-0487,EQ-005,2026-06-12,Calibration,routine inspection,checked alignment,,43,Routine maintenance record for Cooling Water Pump.,
ML-0488,EQ-002,2026-06-21,Calibration,temperature rise with reduced coolant flow,cleaned filter,SP-FILTER-002,85,Routine maintenance record for Rolling Mill Main Motor.,
ML-0489,EQ-003,2026-05-10,Preventive,temperature rise with reduced coolant flow,topped up lubricant,,9,Routine maintenance record for Blast Furnace Blower.,
ML-0490,EQ-002,2026-05-06,Inspection,current spike and repeated overload trip,topped up lubricant,SP-CONTACTOR-001,74,Routine maintenance record for Rolling Mill Main Motor.,
ML-0491,EQ-008,2026-06-06,Inspection,no abnormality observed,cleaned filter,,23,Routine maintenance record for Reheat Furnace Burner.,
ML-0492,EQ-003,2026-06-15,Lubrication,temperature rise with reduced coolant flow,checked alignment,,80,Routine maintenance record for Blast Furnace Blower.,
ML-0493,EQ-006,2026-05-20,Inspection,routine inspection,cleaned filter,,62,Routine maintenance record for Conveyor Drive Unit.,
ML-0494,EQ-002,2026-06-23,Lubrication,routine inspection,topped up lubricant,,33,Routine maintenance record for Rolling Mill Main Motor.,
ML-0495,EQ-008,2026-05-08,Lubrication,no abnormality observed,topped up lubricant,SP-CONTACTOR-001,54,Routine maintenance record for Reheat Furnace Burner.,
ML-0496,EQ-002,2026-06-06,Calibration,no abnormality observed,checked alignment,,80,Routine maintenance record for Rolling Mill Main Motor.,
ML-0497,EQ-008,2026-06-30,Preventive,no abnormality observed,"flush cooling line, clean strainer, verify flow rate before releasing equipment",SP-FILTER-002,50,Routine maintenance record for Reheat Furnace Burner.,
ML-0498,EQ-010,2026-05-30,Calibration,no abnormality observed,cleaned filter,,35,Routine maintenance record for Air Compressor.,
ML-0499,EQ-003,2026-05-22,Lubrication,routine inspection,topped up lubricant,,6,Routine maintenance record for Blast Furnace Blower.,
ML-0500,EQ-005,2026-06-18,Lubrication,routine inspection,checked alignment,,45,Routine maintenance record for Cooling Water Pump.,
